area,bedrooms,bathrooms,parking,age,furnished,location,latitude,longitude,price
1360,3,4,0,20,0,Suburb,19.198759,72.92989,5861586
630,5,2,1,5,1,City,19.065366,72.865343,4983598
959,2,2,0,11,0,City,19.054761,72.86572,6312222
1475,3,4,2,19,1,City,19.081343,72.868953,9228796
1146,5,1,2,17,1,Rural,19.506647,73.098598,3712562
1863,4,3,2,11,0,City,19.066318,72.873756,12061403
2455,2,4,1,29,1,Suburb,19.186066,72.928217,11158999
1495,4,1,1,7,0,Rural,19.485215,73.092802,3915551
1576,2,1,0,8,0,City,19.078877,72.878943,9897061
2296,2,3,1,8,1,City,19.073313,72.879755,15003498
1002,5,3,1,26,0,City,19.069242,72.87973,5743085
1002,3,1,2,14,1,City,19.07087,72.86701,6959797
1063,5,4,1,4,0,Suburb,19.222872,72.966229,6719852
2319,2,2,0,29,0,City,19.068947,72.860447,13575866
2143,4,4,1,29,0,City,19.066402,72.877241,12520978
1908,1,3,1,24,1,City,19.056506,72.859809,11170117
1209,3,1,1,4,0,Rural,19.491977,73.098387,3501142
2131,1,4,0,29,0,Rural,19.49154,73.091775,4879525
2136,1,4,0,26,0,Rural,19.503449,73.099199,4807810
2932,3,2,1,20,1,City,19.08965,72.850601,17771309
2794,4,3,2,23,0,City,19.063809,72.873562,17427916
2430,1,1,2,5,1,Suburb,19.200997,72.944965,11524059
2455,3,2,2,18,1,City,19.074736,72.860806,14698848
2885,1,3,0,24,1,Rural,19.508135,73.087691,7737467
2893,1,4,0,1,0,City,19.077818,72.85763,18237941
2755,3,4,1,23,0,Rural,19.4932,73.102323,6377271
1943,4,2,2,15,1,Suburb,19.189061,72.921205,9100809
1456,1,4,0,3,0,Rural,19.486699,73.099747,3888411
2027,3,1,0,15,1,Rural,19.50147,73.105396,6504172
2777,5,3,1,7,0,Rural,19.480636,73.091526,7393352
2831,1,1,0,15,0,City,19.073968,72.852167,17325924
2646,4,1,0,23,0,Suburb,19.204732,72.949272,11585432
1199,1,4,2,28,0,Suburb,19.191865,72.926819,4690813
2258,2,3,1,23,1,City,19.070582,72.85857,13513990
1909,2,1,0,8,0,Suburb,19.217789,72.943331,8965387
2341,1,4,0,27,1,Rural,19.494441,73.098723,4756590
2406,4,2,1,22,0,Rural,19.494653,73.082115,6095181
2861,2,2,0,19,1,City,19.065281,72.88089,17394652
2991,5,1,0,27,1,Rural,19.505187,73.096086,7553678
546,3,3,0,17,1,Rural,19.486921,73.080094,2084011
1581,2,1,1,20,1,City,19.078658,72.857997,9688493
1012,2,4,1,21,1,City,19.072711,72.892448,6254749
1203,5,2,0,22,0,City,19.057201,72.867626,7052629
2765,2,4,0,6,1,Rural,19.497474,73.087522,8848502
2570,2,2,1,4,1,Rural,19.495343,73.100585,7260793
1515,5,1,2,1,0,City,19.073441,72.879262,11563998
1351,4,2,2,27,0,Rural,19.480479,73.098482,4394016
1940,2,3,0,12,1,City,19.07281,72.863773,12484158
589,5,2,1,25,1,City,19.078496,72.87357,3689317
2016,3,1,0,20,0,Suburb,19.19171,72.944398,8475545
2739,3,1,2,15,1,Rural,19.494084,73.105471,7986332
536,4,1,2,12,0,Rural,19.495921,73.102616,1788903
1796,1,2,0,21,0,City,19.07854,72.86729,10106387
1217,4,3,1,14,1,Rural,19.48208,73.095532,3685952
1992,4,1,2,15,0,Suburb,19.204046,72.950901,10270833
2042,5,4,1,8,1,City,19.054183,72.87079,13893365
2019,5,1,1,19,0,Suburb,19.213601,72.929629,9053386
2381,3,3,1,2,0,Suburb,19.199815,72.947113,12549516
1581,4,4,0,8,0,Suburb,19.215327,72.948912,8374173
1323,1,2,0,5,1,Suburb,19.202241,72.950126,6704355
1752,4,3,2,19,0,City,19.074062,72.865681,12149880
1896,3,4,2,24,0,City,19.068891,72.879763,12505983
1167,5,4,1,27,1,Suburb,19.194742,72.942409,4839552
540,4,4,2,21,0,City,19.050873,72.873625,3865196
1424,5,2,2,28,1,Suburb,19.218315,72.961794,6147883
723,1,3,0,25,0,City,19.081535,72.86625,3503412
1188,5,1,1,8,0,Rural,19.495156,73.116389,3929341
1960,5,1,0,9,1,City,19.056493,72.863628,12872617
2401,1,3,0,12,1,City,19.058754,72.854659,15111807
2074,2,2,1,21,1,City,19.064821,72.878928,13132838
2484,4,1,1,29,0,City,19.067309,72.88489,13993808
934,4,2,1,17,1,Suburb,19.208234,72.970525,5291912
2982,2,4,0,5,0,Rural,19.513344,73.109815,7961642
2680,5,4,1,23,0,Rural,19.482966,73.099445,7415350
568,2,2,0,1,0,Rural,19.486284,73.104851,2257794
2642,3,2,0,2,1,City,19.090551,72.866806,15920737
2469,5,2,2,18,0,City,19.062071,72.86893,15148871
2893,2,1,1,25,0,City,19.063748,72.867264,16240378
2594,1,2,2,23,1,Suburb,19.189404,72.951815,11333471
2215,2,4,2,13,1,Suburb,19.197471,72.951274,10429884
1835,3,3,2,14,0,City,19.081196,72.868721,13099440
2406,1,3,0,27,1,Suburb,19.211896,72.952233,9949229
2633,2,2,0,16,0,City,19.078816,72.86992,16541570
2658,4,3,1,1,0,Rural,19.495595,73.11582,8684972
2972,5,2,1,1,0,Rural,19.50563,73.093494,8080716
2897,1,3,2,18,0,Suburb,19.202705,72.949498,12742937
1746,2,4,2,3,0,City,19.077554,72.875009,11237614
1964,2,3,2,7,1,Rural,19.50933,73.092383,5421222
2873,2,2,2,19,0,Rural,19.51709,73.109875,7240430
2073,5,2,2,3,0,City,19.063482,72.870474,14170102
1189,2,1,2,9,1,Rural,19.489874,73.123899,3885808
1618,1,1,1,27,1,Rural,19.50684,73.098555,3142792
1660,2,4,2,2,0,City,19.085801,72.868801,11304022
1372,5,2,1,2,0,Suburb,19.194262,72.943193,7530864
577,2,2,0,12,1,Rural,19.495919,73.079619,2443106
2969,1,3,2,14,0,City,19.073269,72.867809,17459956
1002,2,2,0,7,1,City,19.072869,72.871652,6219592
1971,4,3,2,28,0,City,19.079659,72.870821,12160468
919,5,2,0,0,0,Rural,19.491439,73.100716,4012667
1016,3,2,0,21,1,City,19.047552,72.876758,6007171
2400,4,4,2,28,1,Rural,19.494474,73.109639,6286296
594,3,3,1,10,0,Rural,19.489416,73.094871,2621778
2365,2,2,2,11,1,Rural,19.526436,73.097972,6652765
1327,3,4,0,23,0,Suburb,19.192095,72.954715,6044957
1103,2,1,1,18,0,Suburb,19.195046,72.954188,4399790
2354,3,4,2,20,0,Rural,19.49842,73.095731,6090355
2860,5,2,0,2,0,Suburb,19.197526,72.949345,14595891
974,2,3,0,10,0,Suburb,19.188746,72.94851,5136708
1163,1,3,1,20,1,Suburb,19.193018,72.940931,5802913
1992,1,3,0,19,0,City,19.067311,72.858935,11291683
1586,5,4,0,6,0,Rural,19.48388,73.113497,4829567
2579,5,1,0,28,1,Rural,19.503031,73.111665,6332691
1268,3,3,1,1,1,City,19.057594,72.858225,7968811
2420,5,3,2,2,1,City,19.075138,72.867056,16471850
2709,4,1,2,22,1,Rural,19.478257,73.092295,7733601
2290,5,4,1,24,0,City,19.079628,72.871726,13927985
1787,2,3,1,23,1,Suburb,19.211593,72.939189,7961016
1322,2,3,1,6,0,Rural,19.503261,73.087489,4262967
581,2,1,2,4,1,Suburb,19.194926,72.946707,3967051
2055,5,1,1,29,0,Rural,19.482465,73.094551,4889086
2023,2,2,0,9,1,Rural,19.49969,73.096643,6093411
1020,2,1,0,6,0,Rural,19.501709,73.09816,3473022
2551,2,2,0,12,1,Rural,19.505519,73.120056,5962703
1901,4,3,0,9,1,City,19.07256,72.879827,12864795
2815,5,1,0,6,1,City,19.078066,72.873836,17960949
2099,2,4,1,10,0,City,19.071868,72.862446,12009139
1293,5,1,2,7,0,Suburb,19.191162,72.95574,7489155
597,5,4,0,25,1,Suburb,19.18768,72.951452,2459713
864,3,2,0,25,1,City,19.087708,72.86373,5116505
1562,3,3,1,4,1,Suburb,19.189122,72.959295,9185224
2822,5,4,2,26,0,Suburb,19.197738,72.960646,12539326
2299,5,1,2,4,1,City,19.070397,72.870113,15303802
1612,4,3,2,25,0,Suburb,19.202077,72.952716,7668809
749,5,3,0,18,1,Suburb,19.19804,72.940362,3582125
2000,2,3,1,19,0,Suburb,19.172875,72.963479,9678316
2735,5,2,2,4,0,Rural,19.512558,73.091054,8786203
863,1,4,0,21,0,City,19.087136,72.880101,5000648
810,3,2,1,29,0,City,19.070823,72.880655,4311869
2131,3,3,2,13,1,Rural,19.494448,73.083946,6215361
2924,2,2,0,6,1,City,19.061274,72.877937,18527926
2550,5,2,1,17,1,Rural,19.51614,73.104601,7558603
2498,1,3,0,24,1,Rural,19.493514,73.108019,5870134
1209,3,2,0,1,0,Rural,19.500543,73.111382,3823950
1833,5,3,0,13,1,City,19.068718,72.864989,11932206
1436,1,2,2,23,1,City,19.081942,72.870965,8723636
1543,2,1,0,26,1,Rural,19.481692,73.131674,2657581
2763,3,4,2,5,0,City,19.054843,72.885475,17829461
1790,1,4,2,26,1,City,19.063954,72.86969,11637938
1855,2,1,2,7,0,City,19.071047,72.852515,11104721
2875,3,1,1,17,1,Suburb,19.209075,72.950359,12608829
1846,2,4,2,12,0,City,19.087313,72.866217,11754680
2204,5,3,0,24,0,Suburb,19.210085,72.965317,10441389
2969,4,3,0,10,0,City,19.071467,72.882065,18480440
2629,4,2,1,12,0,City,19.062179,72.86385,15965532
2048,3,1,0,16,1,Suburb,19.186498,72.964951,9842652
1849,3,2,2,9,0,Rural,19.499047,73.10279,5379315
1071,5,1,1,3,1,Rural,19.501941,73.110736,3854283
1417,1,2,1,0,1,City,19.065199,72.871278,8888742
2853,5,4,2,2,1,City,19.069342,72.864448,19900762
1953,2,1,0,2,0,City,19.07089,72.881659,13108578
2704,3,4,1,14,1,Suburb,19.196454,72.931532,12825845
1069,4,2,2,1,0,Rural,19.503538,73.09712,3639165
1291,4,2,2,11,1,Rural,19.501542,73.098413,3669623
2535,3,1,0,23,1,Rural,19.516381,73.11501,5644179
2375,4,1,1,15,0,Rural,19.490046,73.108907,6459827
1083,3,4,0,16,1,Rural,19.519628,73.096149,2548603
837,3,1,0,0,1,Rural,19.499523,73.099964,2659011
1609,4,4,0,9,1,City,19.061237,72.870377,10324817
2449,1,1,1,21,0,Rural,19.489374,73.109889,5620205
605,4,1,2,28,0,City,19.072106,72.878803,3691654
2770,1,2,1,27,1,City,19.08308,72.891158,16429033
707,4,2,1,21,1,City,19.064203,72.869759,4589372
1373,3,2,1,11,0,Rural,19.521637,73.084424,3733348
1249,4,1,0,22,0,Rural,19.499756,73.121423,3499681
2489,2,3,1,4,1,Rural,19.53094,73.098244,7027650
944,5,2,2,14,0,Suburb,19.196634,72.953518,4668190
2248,2,1,0,3,1,City,19.090017,72.868946,13407096
2882,2,4,1,6,1,Rural,19.487228,73.084512,9195414
1029,5,3,0,2,1,Rural,19.502607,73.094497,4469515
2881,2,3,0,4,1,Rural,19.483495,73.099496,7816688
2351,5,3,1,23,0,Rural,19.482603,73.096376,6851882
2540,4,2,2,4,0,Suburb,19.211077,72.942919,11970165
800,3,2,2,21,1,City,19.050478,72.86113,4854348
2680,4,4,2,11,0,Suburb,19.19258,72.936953,13322070
1807,1,3,0,14,0,City,19.071778,72.865323,11539344
1890,4,3,0,19,1,Suburb,19.187627,72.956292,10000571
1582,5,1,0,18,1,City,19.08616,72.889717,9601446
625,2,1,1,28,0,City,19.054555,72.875034,2893432
2974,2,3,1,19,0,Rural,19.506443,73.102766,6965766
1881,5,3,1,14,1,Suburb,19.198972,72.949732,9289143
802,1,4,2,7,0,City,19.08187,72.876387,6014762
1827,5,1,1,29,1,City,19.073424,72.858884,10490497
1074,1,1,0,24,1,Suburb,19.202062,72.943957,4115746
993,4,2,2,5,1,Rural,19.507215,73.106354,3669148
1350,5,3,0,23,1,Rural,19.500156,73.089037,3888464
1210,5,3,0,24,0,Rural,19.49361,73.086769,2554974
2463,2,3,2,7,1,City,19.076977,72.90142,16412588
2875,2,2,0,28,1,City,19.053693,72.87171,16866513
2263,3,4,2,5,1,City,19.073921,72.868111,14901657
2325,5,4,0,19,1,Rural,19.509709,73.093826,7039036
2838,2,4,1,17,1,Rural,19.484132,73.098657,7343338
1562,5,3,2,23,0,Suburb,19.18407,72.954405,7449388
535,4,4,1,6,1,Rural,19.500637,73.10472,2548018
1800,4,1,1,8,0,City,19.055974,72.887496,11519607
2160,2,4,0,25,0,Rural,19.508949,73.097051,4790796
645,3,4,1,0,0,Suburb,19.188124,72.953098,4826371
982,4,2,0,22,0,City,19.086234,72.854631,6504292
1600,5,1,1,24,1,Suburb,19.20667,72.934505,7683875
2077,5,3,0,16,0,Rural,19.494659,73.08377,5993842
1505,4,4,0,0,1,City,19.064183,72.859852,11011672
2414,1,3,0,16,1,Suburb,19.184441,72.953309,11129892
2928,2,3,1,5,1,City,19.086726,72.87419,18984764
2321,4,4,1,11,1,Rural,19.506294,73.09085,6557153
1132,4,1,2,15,1,Suburb,19.194661,72.935929,5834638
1129,5,4,0,24,1,City,19.073933,72.87192,8633664
1684,5,4,1,19,1,Suburb,19.19318,72.938255,8473441
2908,5,2,2,24,0,Suburb,19.200392,72.951933,14041036
810,3,2,2,14,1,Suburb,19.180061,72.962183,4296863
511,1,2,1,17,0,Rural,19.497097,73.102674,1487038
1447,1,3,0,2,1,Rural,19.495659,73.094562,4628348
2311,2,4,1,24,1,Rural,19.508178,73.113902,5964986
2928,4,3,2,8,1,Suburb,19.196283,72.940077,14804905
1463,1,3,0,27,1,Rural,19.504865,73.100645,3222250
2181,5,4,2,5,1,Suburb,19.205401,72.937175,10676766
1583,3,3,2,4,0,Suburb,19.193984,72.966395,7892199
2450,1,3,2,8,0,Rural,19.492302,73.094395,6525353
899,4,1,2,7,0,Suburb,19.192983,72.954906,4479123
921,2,3,0,19,0,Suburb,19.186331,72.947752,3530548
2702,4,2,1,6,0,City,19.068982,72.864328,17321103
2952,5,2,2,25,1,Suburb,19.185211,72.951834,13639291
2760,2,2,0,20,0,City,19.069691,72.850398,15762946
2855,5,2,1,3,1,Suburb,19.211682,72.941371,15427779
1243,3,1,0,19,0,City,19.067907,72.863309,7993585
2676,2,4,0,0,1,Suburb,19.199124,72.951527,13861952
2779,5,4,2,22,1,Suburb,19.178382,72.953665,13031139
1355,5,3,0,11,0,Rural,19.493957,73.099242,4159022
586,3,1,0,18,1,Suburb,19.201858,72.952358,1570048
935,3,3,2,27,0,Suburb,19.211857,72.95719,4098375
1843,2,2,2,15,1,Suburb,19.202457,72.941386,8830509
2140,1,1,1,22,1,Rural,19.496915,73.106869,4559769
1151,3,4,1,21,0,Suburb,19.205078,72.955383,6193734
1022,2,3,0,7,1,City,19.064052,72.857187,7468253
2350,4,2,0,17,1,Suburb,19.198336,72.949541,11282520
2660,5,3,1,29,0,City,19.0665,72.875495,17081492
2696,5,2,0,29,1,Suburb,19.215991,72.961248,12468247
1868,4,1,0,17,1,Rural,19.503997,73.093486,4670302
782,2,3,2,18,0,Suburb,19.207236,72.973004,3916221
1014,3,3,0,29,0,City,19.08002,72.87205,6221716
1634,2,2,0,11,0,City,19.076102,72.87245,9776344
1928,3,3,1,8,1,Rural,19.50278,73.114548,5771285
2781,2,2,1,11,0,Suburb,19.211222,72.956342,13151416
1593,3,1,1,3,0,Rural,19.51727,73.096004,4920142
1513,3,2,0,5,0,Suburb,19.188192,72.959805,7250402
1025,3,4,0,15,1,Suburb,19.218613,72.968866,5234559
661,2,3,2,27,1,Rural,19.48579,73.104551,2197637
1599,2,2,0,3,1,Suburb,19.176959,72.953696,7636787
1873,1,3,0,17,0,City,19.056345,72.871898,11278029
2948,4,4,2,26,0,Rural,19.511474,73.096958,7958379
574,1,2,0,24,1,Suburb,19.188255,72.944722,1477587
2400,3,1,2,9,0,City,19.08033,72.868051,15285719
1872,5,4,0,20,1,Rural,19.50332,73.095132,5658189
1509,3,1,0,3,1,Suburb,19.197258,72.940007,7761417
2119,1,4,0,29,1,City,19.067963,72.86122,12313922
769,2,4,1,9,0,Rural,19.494739,73.09986,2159059
2797,3,1,0,3,1,Suburb,19.189734,72.952471,12605083
1443,5,2,1,11,1,Rural,19.508846,73.090808,4801165
2861,5,2,0,2,0,Rural,19.486434,73.104664,8499278
883,4,1,0,8,0,City,19.065732,72.864582,5830179
2874,1,1,0,28,1,Suburb,19.177159,72.952393,12689033
2133,2,1,1,20,0,City,19.065516,72.8901,13162662
2403,3,1,2,21,1,Suburb,19.19272,72.948171,11023896
2227,3,3,0,6,0,City,19.065173,72.860467,14799438
2401,4,2,2,23,1,City,19.075114,72.873175,14675763
1380,2,1,1,2,1,Suburb,19.192385,72.934839,7044040
2774,4,3,0,26,1,City,19.061228,72.864727,16830434
507,4,4,0,3,0,Suburb,19.211881,72.955367,3275335
1058,2,2,1,11,1,Suburb,19.195722,72.947345,5727903
539,1,4,0,22,1,Suburb,19.213561,72.942054,2667212
1187,3,1,1,5,1,City,19.084122,72.869204,8034109
2410,5,1,1,12,1,City,19.05811,72.867447,15636185
2060,3,1,0,19,1,Suburb,19.187428,72.954838,9108001
1145,3,4,0,10,1,Suburb,19.198346,72.96306,6034792
1749,3,4,1,25,1,Suburb,19.205467,72.947611,8640810
2215,2,1,2,14,1,Suburb,19.207636,72.962571,10134087
1395,1,1,2,29,0,City,19.072973,72.860769,7225452
2183,4,1,2,22,1,City,19.083759,72.880125,13699909
2444,5,3,0,20,0,Suburb,19.201796,72.953506,11704953
2287,5,3,1,18,0,Suburb,19.196207,72.938613,11186093
641,4,1,1,2,0,Rural,19.499095,73.10332,2284835
2250,1,3,1,18,0,City,19.077388,72.876154,13445249
1479,5,3,1,8,0,Suburb,19.222345,72.942235,8090179
1643,5,1,0,29,0,Suburb,19.199806,72.946968,8139142
2636,3,1,2,8,0,Suburb,19.215277,72.946429,12739805
2121,1,4,2,22,1,City,19.077343,72.863507,13323191
2193,4,3,2,13,1,Rural,19.508593,73.091919,7512842
2544,1,1,0,3,0,Suburb,19.206533,72.976875,11290264
1947,4,2,1,14,0,Suburb,19.2023,72.971052,9704401
2073,4,1,0,18,1,Rural,19.491885,73.103887,4975972
1271,4,1,2,21,1,City,19.075515,72.870436,8087602
1610,1,2,0,28,1,Rural,19.508066,73.10206,4272525
1990,4,2,0,24,0,Suburb,19.194934,72.924826,10003221
2375,1,1,0,5,0,Rural,19.510845,73.094225,5312529
2468,2,3,1,29,0,Rural,19.498057,73.091138,5280424
682,1,3,0,10,1,Rural,19.492916,73.084863,2289330
518,4,4,0,20,0,City,19.07895,72.865169,2717404
2978,1,3,1,17,1,Suburb,19.210764,72.955924,13674396
919,2,1,2,14,1,City,19.071139,72.853256,6323873
2588,2,3,0,8,1,Rural,19.511762,73.08266,6771905
1789,2,3,1,8,0,Suburb,19.196827,72.963315,8449872
2128,3,4,1,7,1,City,19.069668,72.867919,14398901
2966,3,1,2,12,0,City,19.077326,72.878555,17166304
2319,5,2,2,17,1,Rural,19.488064,73.109192,7391162
2521,2,2,1,2,0,Rural,19.493068,73.081643,6092846
1641,4,4,0,23,0,Suburb,19.187331,72.950443,8220122
506,4,1,0,0,0,City,19.083957,72.864378,4641154
625,3,1,0,5,1,Rural,19.483711,73.112725,2257889
1963,4,2,0,3,0,City,19.058533,72.870055,12705014
2622,5,4,1,26,1,Rural,19.499116,73.0963,7017147
1757,3,2,1,26,0,Suburb,19.19645,72.949066,6704609
2231,2,4,0,16,0,Rural,19.484603,73.085137,5891991
1801,4,1,0,8,0,Rural,19.501233,73.106565,4418482
2077,2,4,0,18,1,City,19.068319,72.865279,12616613
1503,5,4,2,6,1,Rural,19.481753,73.098281,6038210
1634,2,3,2,28,0,Suburb,19.190979,72.960606,6448917
1737,1,4,1,18,0,Rural,19.50455,73.104551,3995565
2409,3,3,2,20,1,Suburb,19.202659,72.967691,11770886
2793,5,2,2,6,1,Suburb,19.196052,72.944765,14149178
2105,1,3,2,25,1,Suburb,19.202172,72.946534,9353821
1081,2,4,1,10,0,Suburb,19.219364,72.957421,4557063
2214,5,2,2,17,1,City,19.075211,72.876452,14327709
1402,5,3,2,8,1,City,19.081338,72.875936,9864545
2224,2,4,1,28,1,Rural,19.50952,73.111012,4089805
2333,5,4,1,8,1,City,19.087259,72.868763,15703820
2072,1,3,0,12,1,Rural,19.501806,73.101452,5351764
1046,2,3,2,8,1,Suburb,19.192551,72.943248,5575466
1409,4,1,0,1,0,Rural,19.500302,73.106086,4350240
2051,2,4,0,22,1,Rural,19.509376,73.083924,5657122
1813,3,4,2,13,1,Suburb,19.208295,72.948062,8827137
2088,1,1,0,29,0,City,19.065214,72.875981,12168619
1969,2,2,1,19,1,Suburb,19.188946,72.957822,8585806
2959,4,1,2,21,1,Suburb,19.200653,72.942612,13137687
2450,2,2,1,10,0,City,19.061776,72.88121,15444958
1490,1,2,0,25,1,Suburb,19.189671,72.941416,6732548
1132,1,3,2,8,0,Suburb,19.202076,72.960599,6106793
1318,5,3,0,5,1,Rural,19.504604,73.107381,4887406
1405,5,1,2,12,0,City,19.070887,72.871973,9235444
2129,1,1,2,18,1,Rural,19.499698,73.09927,4059892
2019,2,4,1,2,1,Rural,19.502199,73.086739,6903359
1623,2,4,0,8,1,City,19.069242,72.876705,11157555
1696,5,2,0,23,1,Suburb,19.212746,72.958101,7546071
1551,4,4,0,27,1,Suburb,19.190076,72.960021,8563101
2601,2,1,2,20,1,City,19.067714,72.860057,15914598
886,1,4,1,19,1,City,19.073674,72.868909,5874515
618,4,4,2,16,1,City,19.062369,72.871358,4563701
2722,1,2,0,5,0,Suburb,19.21549,72.937609,12549928
2051,3,1,0,6,1,City,19.071733,72.87244,12322237
1979,5,2,2,3,1,Suburb,19.183568,72.948241,10503872
1741,4,2,0,22,0,Rural,19.521264,73.10433,5183235
777,1,1,2,25,1,Rural,19.502518,73.095396,1958949
2814,5,1,2,27,0,Suburb,19.191891,72.937424,13095372
715,4,1,2,8,1,City,19.068442,72.870379,4795459
2562,5,2,0,13,0,City,19.076547,72.871847,16314286
2993,2,2,1,13,0,Rural,19.484432,73.099424,8776973
992,3,4,0,16,1,Rural,19.500102,73.101849,3741619
1362,4,4,1,8,1,Suburb,19.222783,72.955467,7514282
2993,1,4,2,4,0,Rural,19.491776,73.11317,8226188
1796,3,3,0,15,1,Rural,19.504018,73.104077,5043882
2519,1,3,2,16,0,Rural,19.50306,73.110547,6611884
2968,2,4,0,27,1,Rural,19.502332,73.100603,8053495
1443,3,2,0,26,0,Suburb,19.208839,72.947822,5431864
1696,2,4,0,21,1,Suburb,19.185366,72.972568,9629938
2951,5,2,2,2,0,City,19.052953,72.865775,18952288
773,5,4,0,19,0,City,19.057552,72.862899,5977354
2400,4,4,2,9,0,Rural,19.49593,73.106863,6851145
2103,5,4,2,23,0,Suburb,19.192384,72.948182,9201279
2746,2,4,0,20,1,City,19.068725,72.885112,16862670
1922,2,4,0,28,1,Rural,19.489738,73.096338,4429639
974,4,2,2,2,0,City,19.060967,72.869108,7265940
539,5,4,1,28,1,Suburb,19.195196,72.920751,3554752
778,5,1,2,29,0,City,19.076902,72.844416,5191905
1880,1,2,2,6,1,Suburb,19.197799,72.944062,9145954
2034,4,3,0,4,0,City,19.052742,72.863224,12771121
1368,1,4,2,18,1,City,19.061759,72.877054,8428695
809,5,4,0,15,0,City,19.084974,72.864954,5328436
2579,3,2,2,29,0,City,19.056047,72.847593,15511639
2083,4,3,0,26,0,Suburb,19.214567,72.953118,9176601
1714,1,3,0,8,0,Suburb,19.208877,72.946793,8230252
1506,2,3,0,29,0,City,19.078389,72.863827,9333605
2620,5,2,1,19,1,City,19.081411,72.886341,16838686
1997,4,4,1,16,0,Rural,19.496008,73.102999,4620816
577,2,1,1,1,0,City,19.061011,72.888823,4127859
1492,1,4,2,20,0,Suburb,19.198192,72.930517,6718965
1499,5,4,1,2,0,Rural,19.497201,73.088829,4849304
1382,1,1,2,13,1,Suburb,19.200271,72.951019,5912952
999,4,1,0,11,1,Rural,19.495654,73.106763,2584062
1016,1,4,1,4,1,Suburb,19.192715,72.937219,5503322
549,1,3,1,4,0,Suburb,19.194517,72.9516,2942550
2938,3,4,1,28,1,City,19.069727,72.867327,18078891
701,1,2,1,25,0,Suburb,19.203787,72.953411,2526437
2468,3,1,2,26,0,Suburb,19.199166,72.935504,10112240
707,2,4,1,5,1,Rural,19.489333,73.098834,3060344
2695,4,3,2,14,1,Suburb,19.211899,72.960137,12815956
1059,1,3,2,27,1,Rural,19.502768,73.116643,2340044
524,5,4,0,16,0,Suburb,19.184689,72.955143,3520361
582,1,2,0,12,1,City,19.059803,72.869764,3974302
2279,3,1,2,24,1,Suburb,19.202609,72.952971,10218322
2926,1,3,1,18,1,Rural,19.484756,73.112195,7596925
2016,1,1,2,14,1,Suburb,19.190269,72.931226,9740100
1837,1,3,1,29,1,City,19.066668,72.86866,11006089
2866,5,4,1,2,1,City,19.053231,72.870925,17892327
1102,3,2,1,16,0,Suburb,19.194142,72.958534,5457826
2217,5,1,1,23,0,Rural,19.521414,73.092494,5448085
862,3,4,1,25,1,City,19.062333,72.864504,6518257
1662,2,1,0,3,1,Rural,19.493096,73.100041,5284793
1321,4,4,2,0,0,Rural,19.498414,73.100425,5271145
2532,2,4,0,17,0,Rural,19.508089,73.105465,5978054
1302,4,1,0,3,1,City,19.053402,72.848552,8961802
2413,4,4,0,12,0,Suburb,19.206157,72.944348,11924916
2071,2,1,1,25,0,Suburb,19.18908,72.945253,8350232
2972,5,2,2,16,1,Rural,19.504201,73.106069,8946559
1808,5,3,0,13,1,City,19.067049,72.879758,11739316
2129,1,2,0,29,0,Suburb,19.205726,72.953487,9089727
1133,2,3,2,3,1,Suburb,19.20433,72.936224,7511858
911,3,1,0,14,0,City,19.083417,72.846693,5233612
2877,2,1,0,17,1,City,19.067588,72.875489,17769614
704,1,1,0,28,0,Rural,19.504335,73.091939,1819600
570,5,1,1,16,0,Suburb,19.185514,72.947003,3034118
1028,3,1,2,28,0,Suburb,19.220286,72.959585,4150897
2963,2,4,0,21,1,Suburb,19.208208,72.960641,14109047
2972,3,4,2,21,0,Suburb,19.210442,72.981219,13674309
1158,2,1,0,14,0,City,19.068015,72.86103,6779593
2732,4,3,0,16,0,Rural,19.507865,73.070863,6943476
2882,4,4,0,26,1,Rural,19.493113,73.087457,7066064
2606,4,3,2,25,0,Suburb,19.206515,72.938623,11191545
2895,4,2,0,23,0,Suburb,19.194209,72.964354,13029469
2353,2,4,0,2,0,Rural,19.506686,73.09082,5677824
1082,4,1,2,27,1,Suburb,19.20218,72.955414,5147001
1357,4,2,0,20,1,City,19.062069,72.880608,9262858
2814,3,1,0,26,1,Rural,19.498433,73.086276,7210323
2943,3,2,2,17,1,Suburb,19.193422,72.958545,13809022
738,3,2,2,29,0,Suburb,19.191049,72.955972,2383202
1422,4,3,1,9,0,Suburb,19.20614,72.955284,6824825
2314,4,2,0,19,1,City,19.064926,72.853,14128682
904,3,3,0,27,1,Suburb,19.203728,72.954705,3938304
1740,3,4,2,28,0,Rural,19.506446,73.092927,4115425
2574,4,4,2,28,0,Rural,19.506025,73.110419,6697682
1974,5,3,2,14,1,Rural,19.497559,73.099607,5676658
998,3,2,2,27,1,Rural,19.489683,73.111134,2477751
2754,3,2,2,2,1,Rural,19.484724,73.093341,7309315
2064,3,3,1,9,0,Rural,19.48646,73.094468,5775424
2758,3,2,1,22,1,Suburb,19.201412,72.961185,11875597
2444,3,4,2,28,1,Suburb,19.209382,72.946451,11572657
1598,5,4,0,22,0,City,19.070541,72.870952,10176889
1332,4,1,2,7,1,City,19.070931,72.864657,8717726
592,2,4,1,15,0,Rural,19.50854,73.104149,2607080
2713,3,4,1,29,0,Rural,19.502413,73.08849,6864144
2357,4,2,1,10,1,Rural,19.491638,73.096202,6989601
1425,1,4,2,15,1,City,19.058694,72.876227,9188785
1454,3,1,2,23,1,Rural,19.500748,73.111925,3879326
2913,4,4,2,20,0,Suburb,19.216368,72.939942,13648443
1424,3,2,2,1,1,Rural,19.496987,73.093215,4313144
1405,4,3,0,19,0,Rural,19.495886,73.09516,3793394
691,5,2,1,6,1,City,19.058614,72.866206,6230627
2483,2,3,2,10,1,Suburb,19.189308,72.953643,12189532
2739,2,4,1,23,0,Rural,19.510358,73.099592,6717131
1962,2,1,1,8,1,Suburb,19.205418,72.966412,9473615
1471,1,3,1,14,0,Suburb,19.201368,72.938156,7281426
1605,5,4,0,11,1,City,19.080907,72.882905,10730307
726,2,4,2,6,1,City,19.043732,72.870429,5772940
2112,1,4,1,13,0,Suburb,19.203939,72.949186,10426338
1595,1,1,2,5,0,Suburb,19.202909,72.940913,6831737
1760,2,4,1,28,1,Suburb,19.200675,72.954451,7562475
2732,3,2,2,26,1,Rural,19.501941,73.094688,7519862
1650,1,3,1,20,1,Suburb,19.225296,72.956244,7716938
2935,5,1,2,9,1,Suburb,19.194673,72.942326,14333849
1410,5,1,1,7,1,City,19.077013,72.871816,9221807
1634,3,1,2,4,0,City,19.079988,72.883721,10925076
1412,5,4,1,28,1,City,19.06615,72.87383,9375622
2504,5,4,2,16,1,City,19.058729,72.885344,16674662
1064,4,2,0,24,1,Suburb,19.206492,72.957574,4899181
1788,4,1,0,13,0,City,19.077506,72.865838,10269413
1382,3,3,2,16,0,Rural,19.507541,73.088817,3339965
923,2,2,0,12,1,Suburb,19.198607,72.943848,4136507
1316,5,3,1,7,0,Rural,19.512085,73.117028,3669373
1529,3,4,1,27,1,City,19.0866,72.848058,10115320
2724,3,4,1,12,1,City,19.074705,72.889478,17390428
1751,4,2,2,25,1,Suburb,19.197705,72.933605,7927509
709,1,3,1,3,1,Suburb,19.203241,72.938523,3894264
1898,5,1,2,1,0,Suburb,19.183695,72.96206,9747551
651,5,3,1,26,1,Suburb,19.198043,72.964787,3868203
604,5,4,1,14,1,City,19.07954,72.861944,4732154
2211,1,2,0,1,1,Suburb,19.201453,72.956164,11205568
1351,1,4,1,20,1,City,19.069619,72.873194,7790902
1447,1,1,0,25,0,Rural,19.495889,73.098691,2782158
1826,4,3,1,20,1,Suburb,19.210769,72.942586,8900407
2685,1,4,0,7,0,Suburb,19.208142,72.942845,13362901
2413,5,1,2,4,1,Suburb,19.191637,72.953225,12395729
2037,1,4,2,29,0,Suburb,19.190481,72.950775,8604966
2125,5,3,2,28,0,City,19.061396,72.865864,12046096
1051,5,3,0,0,0,Suburb,19.181345,72.960287,7123343
904,1,2,1,2,0,City,19.074201,72.870807,5679804
2176,1,2,0,15,1,Rural,19.501329,73.108355,5174405
1762,5,3,1,28,0,Rural,19.50897,73.094667,4197742
906,1,2,1,14,0,City,19.059064,72.861775,5448849
1971,2,2,0,24,1,Suburb,19.205497,72.950759,8449518
1074,3,3,2,16,0,Suburb,19.207146,72.929501,4477964
2669,4,4,0,28,0,City,19.066433,72.893333,16812024
2456,4,4,2,15,1,City,19.070991,72.854827,16863615
1717,3,2,2,10,0,Suburb,19.206927,72.937307,8439132
1981,2,2,0,20,0,Suburb,19.188338,72.928842,9465757
2720,5,2,1,23,1,Suburb,19.197342,72.950028,12591627
2141,2,3,1,8,0,Suburb,19.19856,72.95203,10973891
2923,3,3,2,9,0,Rural,19.510847,73.088804,8608708
1478,5,4,1,23,1,Rural,19.489281,73.098267,4175491
2697,3,1,2,9,0,Rural,19.486333,73.090365,6073622
1213,3,1,2,4,0,Suburb,19.208523,72.949937,5896535
2828,4,2,0,23,1,Rural,19.497298,73.109428,8015261
1105,1,1,1,2,1,City,19.064208,72.86775,7835174
1982,3,1,0,21,0,City,19.061051,72.860268,11052731
2668,2,2,1,26,0,Suburb,19.198417,72.949742,11024142
982,5,3,1,15,1,Suburb,19.210451,72.958233,5173312
1856,4,3,1,1,1,Rural,19.509515,73.089788,5715060
2619,4,4,0,29,0,Rural,19.50655,73.106357,6202091
2360,2,4,1,28,0,City,19.076774,72.86225,13585625
2528,4,4,0,4,0,City,19.053687,72.857626,15848728
1117,5,4,0,26,0,City,19.068281,72.868303,7056704
1337,4,2,1,15,1,City,19.061405,72.875252,9555898
2768,4,2,2,3,0,City,19.065309,72.855719,17189096
2786,1,4,0,3,1,City,19.066692,72.862198,17114165
2477,4,1,1,12,1,City,19.072459,72.840469,16277287
1079,3,2,1,2,0,City,19.071164,72.853153,8506856
2741,4,4,0,15,1,City,19.07928,72.875428,16363651
1386,5,4,2,25,0,City,19.06323,72.862273,8389841
1631,3,2,2,7,1,City,19.079004,72.874512,11251095
511,3,2,2,16,1,Rural,19.509173,73.082796,2689131
1619,5,2,1,7,0,Rural,19.513705,73.106952,6011340
1053,5,2,0,21,0,Rural,19.512496,73.107793,2459074
1947,1,4,1,8,1,City,19.068144,72.866783,12462490
1287,4,2,0,18,1,Rural,19.517893,73.111669,3687973
1026,4,1,0,6,1,Rural,19.507168,73.078932,3769768
2392,2,4,1,1,1,Rural,19.507019,73.108737,7770561
647,2,2,2,22,1,Suburb,19.197653,72.951438,2762868
1464,4,1,2,13,0,Rural,19.487544,73.0803,4742516
2323,4,1,0,21,0,City,19.04988,72.869886,14192359
871,3,2,2,10,0,Suburb,19.20178,72.951231,3943415
2034,1,3,1,1,0,City,19.065636,72.845921,13366167
2378,3,3,2,21,1,City,19.068162,72.850373,14370155
628,1,2,0,19,1,City,19.086582,72.877863,3420686
2678,4,3,0,26,1,City,19.080614,72.87532,16868410
670,5,1,0,21,1,City,19.09086,72.859852,4600830
1566,3,4,1,25,1,Rural,19.489415,73.109214,3774177
2987,3,4,2,18,1,Suburb,19.192493,72.949552,13864543
2302,2,2,2,10,1,Rural,19.501787,73.115731,5576819
1892,2,4,0,2,1,Rural,19.488964,73.101356,5125615
2466,3,3,0,3,0,City,19.07749,72.87462,16201351
1944,5,4,0,12,0,City,19.06485,72.878711,12578886
2663,4,3,0,6,1,City,19.055489,72.884341,16738771
1246,1,2,0,21,0,City,19.070786,72.848713,7050792
2881,3,2,0,2,1,Suburb,19.210604,72.965133,13996330
743,2,2,2,24,1,City,19.063505,72.874106,5198757
1692,2,2,0,6,1,Rural,19.514904,73.091666,4031630
1711,2,4,0,3,0,City,19.060083,72.876894,10935205
2618,2,1,0,2,1,City,19.064361,72.861838,17010950
1806,1,2,0,15,0,Rural,19.497783,73.088506,4304071
2807,5,1,2,15,1,Suburb,19.214891,72.972714,13784294
2769,4,2,1,20,0,Rural,19.505596,73.091865,6920301
2235,3,1,1,29,0,Rural,19.495108,73.084538,5186847
1769,5,4,2,28,0,Rural,19.480686,73.108702,5398972
1269,4,3,0,11,1,Rural,19.497354,73.116184,4062256
1709,1,4,2,25,0,City,19.073258,72.882083,9873476
1380,2,1,1,1,1,City,19.077336,72.866968,9151451
2286,4,4,2,22,0,Rural,19.487117,73.102927,6197942
2963,5,3,0,9,0,Suburb,19.201323,72.944075,13561311
1424,3,3,2,18,1,City,19.065224,72.857449,9311488
1919,5,1,2,2,1,City,19.063783,72.867685,12649536
950,5,4,2,15,0,City,19.06485,72.866776,6743993
2874,2,1,1,23,0,Suburb,19.201319,72.945455,12227088
2559,1,1,1,13,1,Rural,19.490767,73.104993,6388173
2718,5,3,0,17,1,Suburb,19.178944,72.961536,13619907
1678,1,4,0,3,1,Rural,19.500523,73.104908,5838174
2315,5,1,0,24,1,Rural,19.494647,73.105115,6285599
674,4,3,0,17,0,City,19.081806,72.863727,5411577
534,5,2,1,13,1,Rural,19.517584,73.113658,2346319
2373,4,3,2,0,0,City,19.062398,72.870385,16060448
1700,5,2,2,1,0,City,19.047832,72.875027,12289759
2857,4,4,2,27,0,Rural,19.494182,73.088261,6145864
563,3,3,2,29,0,Suburb,19.218577,72.948966,3082215
1418,3,1,1,23,0,Rural,19.494633,73.107161,2625473
1658,2,4,2,5,0,City,19.087787,72.876569,11205420
2659,5,1,0,22,1,Rural,19.494685,73.084321,7411533
527,1,2,0,25,1,Rural,19.498268,73.096853,1285611
1598,2,4,2,22,0,Rural,19.491088,73.099382,3995893
645,1,4,0,23,0,City,19.056987,72.869563,3895223
990,2,1,1,28,0,Suburb,19.204421,72.962211,2810505
2022,1,1,1,18,0,City,19.063617,72.861846,11266022
544,5,2,1,8,1,Suburb,19.205602,72.941896,3214882
1533,1,4,1,27,1,Suburb,19.196038,72.960684,7368292
1911,1,4,2,2,0,City,19.068926,72.879994,12668060
1287,2,3,1,28,0,City,19.066842,72.855919,7073243
1020,5,3,2,4,0,Suburb,19.181868,72.939414,6580913
572,4,3,1,21,1,Suburb,19.206373,72.934597,3262855
2744,1,3,1,19,1,Suburb,19.19925,72.954855,11751103
1231,2,3,1,2,1,Suburb,19.195494,72.960349,6502097
2249,3,4,2,29,0,City,19.074843,72.875337,12733902
2015,3,3,1,16,0,City,19.074578,72.865031,12378133
610,3,4,1,27,1,Rural,19.502587,73.102127,1683715
2720,5,3,2,9,1,Suburb,19.1976,72.946057,13958371
2878,2,3,2,29,1,City,19.069856,72.868699,17092073
1187,5,2,2,29,0,Rural,19.495737,73.104019,3425933
690,4,3,2,2,1,City,19.077942,72.865741,5429018
2548,3,4,1,6,1,City,19.06519,72.880967,16840356
2007,5,1,2,16,0,City,19.062347,72.846025,13303981
1891,5,1,2,16,1,Suburb,19.203326,72.959331,9073626
1858,3,3,1,3,0,Suburb,19.190837,72.941631,9249639
1472,1,2,0,29,1,City,19.070394,72.855641,8394033
1388,5,2,1,21,0,Suburb,19.200152,72.960479,5938092
1420,3,2,1,16,0,City,19.087032,72.85362,9217790
1256,3,1,1,25,1,Suburb,19.188003,72.926839,4658812
941,2,4,0,6,1,Rural,19.510978,73.095265,2932689
2995,3,1,0,7,0,City,19.055909,72.865914,18710382
764,3,4,1,21,1,City,19.077027,72.875948,5409697
2874,1,3,0,0,1,Suburb,19.189351,72.942058,14067080
2206,3,4,0,27,1,City,19.065462,72.864261,13332756
728,3,3,0,9,0,Rural,19.502774,73.099777,2966618
2795,2,2,2,7,1,City,19.053744,72.872884,17744136
2369,1,3,2,11,1,City,19.076647,72.864471,14532653
2507,3,2,0,21,0,City,19.058836,72.867063,14949798
1450,4,3,1,29,0,City,19.049244,72.869139,7955897
2484,2,3,1,16,1,Rural,19.495075,73.096152,6199708
2410,3,1,1,2,1,Suburb,19.20485,72.945322,12039316
2456,1,3,0,26,0,Rural,19.502204,73.115699,5388541
1085,3,1,0,26,0,Suburb,19.200535,72.952429,4366818
2655,2,2,0,3,1,Rural,19.501595,73.091072,6878858
624,1,1,1,21,1,Suburb,19.217477,72.9405,2764807
1250,5,2,1,18,1,Suburb,19.194463,72.959016,6113936
1066,3,1,0,28,1,City,19.066001,72.872693,6576073
1098,5,2,2,14,0,City,19.06669,72.87279,7197796
2426,1,1,0,13,1,City,19.055981,72.883202,14986908
725,4,1,1,27,0,City,19.069272,72.877842,4280220
555,1,4,2,29,0,Suburb,19.191115,72.956158,3008083
2734,2,2,1,3,1,City,19.078011,72.8589,17190029
2621,1,1,2,20,1,Suburb,19.202149,72.93593,12218030
865,1,1,0,24,1,Suburb,19.1942,72.944623,2624228
1796,5,2,1,7,1,City,19.073195,72.886536,12660260
1194,5,4,1,12,0,Rural,19.495709,73.097538,3849878
2620,1,1,2,3,1,City,19.09678,72.870647,16717851
1058,3,4,0,12,0,City,19.069957,72.889533,6194563
591,1,2,0,2,1,City,19.071059,72.878247,4181632
2527,1,4,0,23,0,City,19.076576,72.87457,15244779
1569,4,4,0,21,1,City,19.066305,72.869584,10720451
1641,2,4,0,6,1,Rural,19.523516,73.088587,4908127
589,1,2,0,12,1,City,19.061158,72.844116,4062530
1663,2,4,0,12,1,Suburb,19.183884,72.947373,8010286
1495,2,2,0,22,0,Rural,19.489308,73.084164,3169306
2851,4,2,2,13,0,Rural,19.499275,73.097485,8731404
2032,5,4,1,17,1,City,19.073618,72.880844,13889169
1594,3,2,2,20,0,Rural,19.493239,73.088432,3967982
1910,2,1,2,20,0,Suburb,19.201553,72.931656,8806922
1672,1,3,1,7,1,Suburb,19.218904,72.950493,7858184
1045,1,2,1,16,0,Suburb,19.205801,72.955435,4886919
1370,4,2,0,1,1,Suburb,19.20301,72.940008,7798113
1604,2,2,1,7,0,Rural,19.511162,73.11508,4569898
1525,2,3,0,3,1,Suburb,19.207633,72.94445,7566941
2800,2,1,1,20,1,Rural,19.505508,73.098053,7615403
2763,1,1,1,5,1,Suburb,19.194539,72.955969,12918629
877,1,3,1,5,1,Suburb,19.211814,72.938006,4630347
1771,5,1,1,6,1,Suburb,19.198697,72.947199,9968597
2495,2,3,1,13,0,Rural,19.49015,73.101987,7348818
1237,1,4,1,22,0,City,19.087506,72.867749,7411855
1095,3,3,1,28,1,Rural,19.487169,73.113173,2366314
2065,4,1,1,22,1,City,19.097486,72.871459,12993522
2757,5,2,2,25,0,Rural,19.492526,73.094686,6229477
2687,2,1,0,7,1,Rural,19.507659,73.083841,7319879
2320,3,2,2,25,1,Rural,19.503612,73.102239,6099823
1631,4,2,0,4,1,Suburb,19.196781,72.947258,9072859
753,4,1,2,4,0,Suburb,19.207499,72.952793,4293035
1692,5,2,1,14,1,Rural,19.497141,73.08388,6254787
1666,4,1,1,0,1,City,19.075631,72.856759,10956441
920,5,1,0,12,0,City,19.066384,72.865926,5924981
2883,5,2,0,11,1,Rural,19.484877,73.091006,8993196
2900,4,1,0,21,1,Rural,19.496126,73.089014,8019777
1565,4,1,0,6,1,Rural,19.506699,73.102015,5572752
2854,2,3,0,14,1,Suburb,19.183771,72.942588,12861482
1513,4,3,1,15,1,Rural,19.489941,73.082907,4360359
1943,5,3,0,28,0,City,19.059056,72.864118,11369879
928,2,3,1,15,1,Suburb,19.192415,72.940297,5385119
2915,3,3,2,13,1,Rural,19.493983,73.097938,8739747
1335,2,1,2,29,0,Rural,19.516621,73.100528,2437403
1574,3,2,2,23,0,Suburb,19.216384,72.953813,7342443
1459,4,2,2,21,0,City,19.062342,72.869655,9159826
1834,5,4,2,11,0,Suburb,19.195522,72.941454,9229185
2584,5,3,1,12,1,City,19.070534,72.856865,15934145
1991,4,3,0,11,0,City,19.065578,72.86982,13216814
1820,5,3,0,25,1,City,19.062285,72.857225,11317689
1651,3,1,0,27,0,Suburb,19.194151,72.945212,6406320
2201,3,3,2,3,1,Rural,19.498401,73.109365,7082237
1901,4,2,2,5,0,Suburb,19.207346,72.956772,9451417
2347,4,4,1,21,0,Rural,19.483531,73.106046,6408764
2128,3,4,0,0,0,Suburb,19.193737,72.954941,10831267
2602,4,4,0,1,0,City,19.088235,72.867621,15534686
1721,3,1,0,16,0,Suburb,19.212306,72.951787,7956388
1202,2,2,2,19,0,Rural,19.518566,73.095182,3172542
2052,5,3,1,20,1,City,19.092805,72.85824,14156166
2521,1,1,1,11,1,City,19.056266,72.875199,15158300
806,5,2,1,24,0,Suburb,19.213556,72.943891,3041559
708,1,3,0,14,1,City,19.084533,72.869218,4750241
2249,3,3,0,11,1,Suburb,19.192788,72.932829,10540746
2350,4,2,1,15,1,City,19.072251,72.865428,14866165
1178,1,1,1,11,1,Rural,19.506219,73.092429,3960785
1561,3,3,0,26,0,Rural,19.507595,73.097082,3533644
1459,1,4,1,10,1,Suburb,19.209294,72.948679,6704878
2548,1,3,1,4,1,Rural,19.494016,73.090334,6958134
1407,2,2,1,14,1,Rural,19.50592,73.096458,4518528
2522,2,2,1,5,0,Rural,19.491757,73.106833,7375253
1601,2,1,1,2,0,City,19.054728,72.859449,10759304
2052,4,2,2,4,1,City,19.060259,72.877034,13775133
776,4,4,2,2,0,City,19.064855,72.861127,5245926
972,5,4,1,13,0,City,19.083946,72.859548,7561943
2267,1,3,0,8,1,Suburb,19.198927,72.962203,10741563
1890,3,3,2,2,1,Suburb,19.216994,72.945982,9416660
2631,5,1,0,20,0,Rural,19.501994,73.10473,7104866
1139,5,3,2,23,0,Suburb,19.217913,72.951474,5302713
2664,2,2,1,2,1,Rural,19.495555,73.104057,7636158
2994,4,1,1,17,1,Rural,19.489004,73.09892,7888891
2080,3,2,0,22,0,Suburb,19.209131,72.952556,8412826
2287,1,1,0,16,1,City,19.07808,72.863825,13969927
2680,2,2,1,20,0,Suburb,19.19454,72.939079,10988889
1823,2,3,0,15,1,Rural,19.496454,73.126314,5025169
2897,5,1,2,4,0,City,19.068179,72.877711,18007087
1422,2,4,2,9,0,Rural,19.493137,73.085673,4957813
970,4,2,0,14,1,City,19.073384,72.860973,6208324
1136,2,3,2,3,1,City,19.060993,72.860358,8489464
2919,3,1,1,25,0,Rural,19.505113,73.113304,7279167
780,3,2,2,18,1,Suburb,19.205409,72.958762,4670530
1469,5,1,1,1,1,Suburb,19.184702,72.947994,7763340
1188,3,2,0,13,1,Rural,19.511248,73.112654,3787522
2802,4,2,0,29,0,City,19.071088,72.880014,16301007
1362,5,4,2,10,0,Rural,19.503902,73.106086,4837292
2221,3,2,1,24,0,Suburb,19.179802,72.938047,9427213
699,3,2,2,20,1,City,19.071145,72.888027,5211674
2578,2,1,0,15,0,Rural,19.496808,73.087263,6345225
1048,1,4,0,15,1,Rural,19.500957,73.094067,3137510
2561,5,1,0,8,0,City,19.076621,72.881886,15340243
1226,5,1,1,6,1,Rural,19.491307,73.09657,5239681
2408,3,1,2,9,1,City,19.082838,72.88295,15409592
1605,2,4,1,4,1,Suburb,19.195388,72.957566,8694610
2420,5,4,0,29,0,Suburb,19.191821,72.944661,11300243
2015,5,2,0,0,1,Suburb,19.204207,72.944221,10340560
2007,3,1,2,21,0,Rural,19.49117,73.114669,5153431
614,4,3,0,2,0,Rural,19.490412,73.086475,2954640
2862,3,4,2,16,1,City,19.057343,72.872473,18316396
1175,4,1,0,27,1,Rural,19.508345,73.081615,2087704
2115,2,3,0,4,1,Suburb,19.177776,72.957227,9775753
1879,4,4,0,17,1,Rural,19.496797,73.091034,5795807
2613,5,4,2,14,0,City,19.042258,72.867724,16989439
600,2,4,1,13,0,City,19.059359,72.877217,3506159
2477,3,4,1,18,0,City,19.07087,72.885235,15325546
1914,4,3,0,16,1,Rural,19.501322,73.098853,4851776
1956,1,4,1,8,1,Rural,19.507208,73.09041,5806435
1131,2,1,2,28,1,Suburb,19.189944,72.953602,5175959
1219,3,2,2,18,1,Rural,19.502193,73.107919,3099333
960,4,3,1,0,1,City,19.067895,72.868668,7124679
2783,5,2,0,12,0,Suburb,19.198623,72.93517,13260308
1552,3,2,0,28,1,City,19.067995,72.861875,9168190
1014,4,1,2,12,0,Rural,19.498279,73.107255,2915657
1477,5,2,0,25,1,Suburb,19.210215,72.959189,7064835
1182,1,2,0,29,0,Rural,19.489827,73.109644,2117393
1721,3,4,1,16,1,Rural,19.505918,73.108634,5283771
2394,2,2,1,20,1,City,19.074893,72.876864,14291417
1391,2,1,2,8,0,Suburb,19.214419,72.944876,6190053
827,3,3,2,7,1,Suburb,19.222739,72.947604,4335891
666,4,1,0,18,0,City,19.061127,72.877718,4050381
1290,2,4,0,9,1,City,19.062824,72.885055,8655163
2142,1,3,1,17,0,City,19.055353,72.883148,13059587
2211,1,1,1,1,0,Suburb,19.214668,72.95689,10746628
1273,2,3,2,13,1,Suburb,19.198981,72.959337,6169224
1627,2,1,0,20,0,Rural,19.490873,73.099545,3334264
1280,2,3,1,1,0,Rural,19.491438,73.100356,3777287
1203,1,3,2,17,0,Rural,19.499798,73.100217,3241621
1816,5,4,2,21,1,Rural,19.503979,73.110166,5116811
1327,2,1,2,15,1,Suburb,19.193923,72.939415,6426673
1333,3,4,1,28,0,City,19.082751,72.877909,7438805
1960,3,2,1,17,0,Rural,19.503253,73.100639,4568900
1055,4,4,0,16,0,Suburb,19.189207,72.96288,4778309
1398,4,3,1,23,1,Rural,19.50357,73.100813,4199818
1110,3,1,1,23,0,City,19.088731,72.879781,6341053
2200,3,4,2,10,0,Suburb,19.189546,72.933196,11234547
1440,5,1,2,28,1,Suburb,19.191871,72.953633,7257267
2156,2,2,0,24,0,Suburb,19.204734,72.952909,8678939
1420,1,3,2,11,1,Rural,19.501934,73.093489,4628919
1728,1,3,1,2,1,Rural,19.504148,73.116043,5270809
2747,2,4,1,19,1,Rural,19.498723,73.100803,7174952
1148,2,3,1,12,1,Suburb,19.1941,72.956611,6408126
713,1,2,1,16,1,City,19.072612,72.880232,3745616
559,3,4,1,17,0,Rural,19.502655,73.113607,1645377
900,1,3,0,25,1,City,19.094799,72.8786,5113276
1963,5,2,2,29,1,Suburb,19.193411,72.956798,9223653
2473,1,3,2,5,0,City,19.076349,72.893916,15506759
1420,4,2,1,23,0,Rural,19.496894,73.097993,3709822
1091,3,2,1,11,0,City,19.07507,72.869426,6367935
2775,1,4,0,5,1,Rural,19.490757,73.102244,8264000
758,4,2,2,0,0,City,19.056111,72.873001,5558463
2773,5,2,0,13,1,City,19.078672,72.860603,17417211
1490,5,2,0,13,1,Rural,19.495326,73.096702,5253776
1547,5,3,1,26,0,Rural,19.499594,73.069522,4064604
2363,4,2,1,21,0,City,19.067824,72.868337,14116082
1758,3,3,0,15,0,Rural,19.50093,73.095315,3739341
2136,5,3,0,17,0,Rural,19.498015,73.091181,5560617
558,2,3,2,27,1,City,19.065215,72.875191,3508688
2216,4,3,2,24,0,Rural,19.499174,73.120998,5301262
871,4,4,1,22,0,Rural,19.497612,73.119311,1871574
2181,1,4,2,16,1,City,19.059509,72.865975,14015488
2041,3,4,0,1,1,Rural,19.517951,73.090024,6583693
1153,4,2,0,13,1,Suburb,19.192554,72.945856,5937359
728,2,4,2,14,0,City,19.073693,72.87121,4390256
2442,5,2,2,21,1,City,19.061779,72.857807,15650290
2827,2,2,0,20,1,City,19.064908,72.896928,16812497
1805,1,1,1,6,0,City,19.082645,72.866175,11393580
2394,4,3,1,20,1,Suburb,19.17776,72.948227,11447369
1375,2,2,2,15,1,Rural,19.508905,73.103659,3886299
1418,5,3,1,1,1,City,19.087663,72.858038,10309119
2720,2,1,1,11,0,Suburb,19.187094,72.948567,12186598
1859,3,4,1,3,0,Rural,19.510261,73.086202,5761301
1989,3,4,1,11,1,Rural,19.496146,73.108809,6066389
2527,5,3,1,1,0,Rural,19.519907,73.105776,7531498
2388,4,3,0,18,1,Suburb,19.207899,72.959696,12047492
2836,5,1,1,7,0,Rural,19.494735,73.08923,7864945
1201,2,2,1,10,1,Suburb,19.192731,72.921706,6522442
1060,5,3,1,14,1,Suburb,19.198754,72.938894,6801495
1728,5,2,0,4,1,Suburb,19.211437,72.960185,8530182
2176,1,4,0,14,1,Suburb,19.193429,72.961386,11152966
1420,1,1,0,10,1,Rural,19.507114,73.131129,3124504
2765,1,4,1,3,0,City,19.061697,72.883443,16849448
1207,4,4,2,21,0,Rural,19.500571,73.102848,4214129
1616,3,3,2,26,0,Rural,19.514909,73.105882,3846197
853,5,1,2,22,1,Rural,19.521729,73.106984,2648566
1125,4,4,2,14,0,Suburb,19.200057,72.952051,5604673
1546,3,1,0,22,0,City,19.076035,72.871098,9295398
2413,3,2,0,12,1,City,19.083624,72.8731,15599530
2003,3,2,0,6,0,City,19.067346,72.882078,12878922
891,1,4,2,0,1,Suburb,19.18887,72.961555,5221189
1659,4,2,0,16,1,Suburb,19.197784,72.952859,8167197
2567,1,4,2,23,1,Rural,19.496468,73.110418,6535525
1002,1,3,0,6,1,Suburb,19.20269,72.953776,4737538
901,2,4,2,19,0,Rural,19.482391,73.102935,2969209
1915,1,4,1,25,1,City,19.072008,72.871008,11186795
1343,5,4,1,26,1,Rural,19.501359,73.100845,3560705
2313,3,4,2,13,0,City,19.058931,72.889628,14093372
2158,4,2,1,6,1,Suburb,19.192942,72.93608,10000619
1941,1,4,1,16,0,Rural,19.508064,73.093995,5804551
2592,4,3,2,29,0,Suburb,19.185242,72.95224,11529969
1186,2,4,0,16,1,City,19.086307,72.872618,8321502
1051,3,3,1,20,0,City,19.069202,72.866724,6655248
1443,3,3,0,16,1,Rural,19.501706,73.096404,3883202
548,4,1,0,19,1,Rural,19.497288,73.105491,1127380
2874,1,3,1,23,0,City,19.070903,72.867354,16858420
2263,4,1,0,22,0,Suburb,19.201379,72.955205,9864971
1978,3,3,0,29,0,Rural,19.492079,73.10674,4758051
2622,2,3,2,28,1,City,19.072315,72.872524,15726353
2159,3,3,1,7,0,City,19.066002,72.875359,13977931
1072,2,3,0,6,0,Rural,19.503256,73.122758,3603305
2221,1,1,0,28,1,Rural,19.504075,73.100162,4376387
1650,1,3,1,17,1,City,19.063257,72.895512,9134573
1575,3,2,0,13,0,Suburb,19.194964,72.948494,7662611
1104,4,1,1,20,0,Suburb,19.194463,72.938511,4521978
2199,4,1,0,21,0,Rural,19.512262,73.092131,5525539
2708,4,1,0,13,1,Rural,19.498061,73.12122,7703392
1602,4,2,1,21,1,Rural,19.512615,73.090767,4474921
2424,2,1,2,24,1,Suburb,19.190913,72.946493,11032663
1494,4,4,0,10,0,Suburb,19.218999,72.929893,8813571
2375,3,1,0,1,1,Suburb,19.194286,72.951716,12064216
522,3,2,0,12,0,Suburb,19.191557,72.956424,2770608
2598,5,2,1,2,1,Rural,19.498167,73.112539,7911420
1978,3,4,2,0,0,Rural,19.522124,73.103916,5947281
2187,1,4,2,22,0,City,19.061576,72.877509,12971002
2962,3,4,2,10,0,Rural,19.508984,73.090514,8632215
1945,1,2,1,6,0,Rural,19.508158,73.09453,4962042
1566,2,3,1,29,1,Suburb,19.204352,72.96672,6509456
2923,1,3,1,20,1,Suburb,19.209825,72.962961,12881091
1364,4,1,2,23,1,Rural,19.486641,73.107241,3476528
1205,1,1,2,18,0,City,19.059069,72.876098,7436589
2535,2,3,1,13,1,Suburb,19.210269,72.955996,10967683
925,2,3,0,23,0,Rural,19.509104,73.115737,1709921
807,3,1,1,1,1,Rural,19.520137,73.105623,3345844
667,5,4,0,8,1,Rural,19.505536,73.097427,3596449
1137,5,4,0,18,0,City,19.073085,72.874883,8063056
1860,2,2,1,7,0,City,19.071569,72.868343,12174827
1886,1,2,0,3,0,Rural,19.510842,73.102103,5060672
2941,1,2,0,8,1,City,19.073385,72.895695,17755654
1067,4,1,2,8,1,City,19.059945,72.860238,7721440
2342,4,2,0,1,0,Rural,19.516377,73.12403,8017022
2043,2,4,0,27,1,City,19.059462,72.874278,12426264
1318,2,1,0,17,1,City,19.06513,72.876201,7828714
2735,5,4,1,22,0,Rural,19.480018,73.114319,5646468
1789,4,1,0,0,0,Rural,19.497252,73.099537,4518979
1118,1,1,1,12,1,Rural,19.497639,73.096723,3002050
2646,5,3,2,16,0,City,19.072587,72.880515,16086933
2903,2,1,2,8,1,City,19.09572,72.847506,18352682
542,2,2,1,5,1,Suburb,19.205388,72.956597,3026820
2280,2,1,2,20,1,City,19.066,72.859699,13193410
1662,5,3,0,17,0,Suburb,19.208625,72.929281,8561489
2077,4,1,0,5,1,Rural,19.497856,73.111184,6281086
1882,1,3,0,18,0,City,19.060179,72.855793,11052212
1067,1,3,2,25,1,City,19.051072,72.873115,7009307
1228,2,2,0,27,0,City,19.070063,72.854685,6292230
1326,1,4,1,5,1,City,19.088855,72.868673,9481133
2968,1,1,0,9,0,Suburb,19.201166,72.97121,13835305
2486,5,2,2,13,1,Suburb,19.189974,72.949572,12222899
685,2,2,0,28,0,City,19.0798,72.877675,3585977
1353,1,4,0,13,0,Rural,19.5079,73.097594,3912745
2515,3,4,2,20,0,Rural,19.49354,73.10365,7371748
1369,4,4,2,20,1,Suburb,19.219992,72.9614,8068363
704,5,1,0,12,1,Suburb,19.210858,72.948456,3312786
2635,3,1,0,12,1,Rural,19.480369,73.111607,6607044
1905,5,2,0,0,1,City,19.071248,72.885154,12866663
1969,5,2,2,14,1,Rural,19.493325,73.107545,6213367
542,4,3,0,11,1,City,19.048692,72.881842,4561844
1060,3,2,0,29,0,City,19.087403,72.862889,6328078
1105,1,1,1,14,0,Rural,19.51009,73.095365,3446194
2704,1,4,1,23,0,Suburb,19.20104,72.970606,12308782
532,1,2,0,1,0,Rural,19.482419,73.087808,1464858
1699,5,4,0,14,0,Suburb,19.197729,72.948582,8493381
1815,2,3,0,17,0,Suburb,19.205625,72.95724,8606041
2148,5,3,2,24,1,Rural,19.506141,73.077454,5528494
575,4,1,2,8,1,Rural,19.488619,73.107503,2669639
1714,3,1,0,7,0,City,19.064224,72.869916,10259148
2145,4,1,2,8,1,Rural,19.4866,73.111069,6791589
2225,2,2,0,19,0,Suburb,19.19508,72.963281,9692777
1843,1,2,1,29,0,Rural,19.492606,73.110548,4483127
888,1,3,2,22,0,Rural,19.489545,73.099737,1951989
788,2,2,1,0,1,City,19.072305,72.865531,6837038
1706,3,4,1,1,0,City,19.070412,72.878049,11654681
1487,4,2,2,20,1,Rural,19.500253,73.094184,4230165
1280,4,2,2,23,0,Suburb,19.211861,72.965403,5154150
1538,2,1,2,27,0,City,19.075018,72.866602,8740208
2354,5,2,0,17,0,City,19.074094,72.867233,14131753
703,5,2,2,9,1,Suburb,19.198964,72.947861,4419398
1681,5,3,2,17,0,City,19.070768,72.856156,11371158
2879,4,3,0,6,1,Rural,19.503418,73.099537,8118709
2443,3,2,1,29,0,City,19.068316,72.86674,14985555
1509,3,2,2,17,1,City,19.095975,72.876714,10255399
2355,4,2,0,2,0,Rural,19.492174,73.10707,7476898
864,5,1,2,0,1,Suburb,19.194405,72.92167,5931203
743,1,1,1,5,1,Rural,19.499987,73.111242,3037094
1596,3,1,2,5,1,Rural,19.491942,73.110103,4552078
1286,5,3,1,18,1,City,19.072494,72.869879,8643819
2923,2,4,1,28,0,Suburb,19.18016,72.92429,12775816
2540,1,1,1,25,1,City,19.063589,72.898243,13752296
2217,1,1,2,2,0,Rural,19.49263,73.082924,5564169
1067,2,3,1,5,1,Suburb,19.197552,72.954917,5676124
1784,3,3,1,6,1,Rural,19.501928,73.100266,5474282
1536,3,4,0,25,1,Rural,19.506209,73.095759,3956503
2148,2,3,0,28,0,Suburb,19.193961,72.946568,9145185
941,1,3,1,23,1,City,19.051967,72.872672,4503103
1497,3,3,2,14,1,City,19.06057,72.882294,9578982
2401,3,2,2,29,0,City,19.065661,72.887222,13945724
638,3,2,0,21,1,Suburb,19.175949,72.936319,2860949
1303,2,4,2,9,1,Rural,19.502094,73.09439,3754262
2607,5,1,0,14,0,Rural,19.500989,73.103384,6653428
882,1,2,0,16,1,Rural,19.501154,73.099443,1708710
2815,5,4,1,24,0,Suburb,19.199735,72.927305,12545116
1525,1,4,0,27,1,Rural,19.505704,73.096686,3457841
1343,4,4,1,2,0,Suburb,19.193237,72.930951,7926772
746,4,2,0,21,1,Suburb,19.192701,72.969744,3835766
1212,4,1,1,24,1,City,19.071834,72.864252,7226681
1197,3,4,1,8,0,Suburb,19.200292,72.95698,5978183
1981,4,3,2,24,0,Rural,19.488418,73.095294,5217217
516,5,3,1,2,0,Rural,19.515295,73.110419,3256507
1379,3,3,0,13,0,City,19.075304,72.87988,8193555
2610,4,1,2,4,1,Suburb,19.176958,72.94639,13514739
2480,1,1,2,28,1,Suburb,19.206725,72.94219,10756098
1693,5,1,0,6,1,Rural,19.475647,73.106842,5512441
1798,1,3,0,21,1,Suburb,19.204508,72.968573,8267784
2066,1,2,2,0,1,Suburb,19.218613,72.940537,10919824
1187,4,1,2,15,0,Suburb,19.210692,72.939744,5181611
1065,5,3,2,3,0,City,19.055434,72.888658,8074870
810,5,4,0,20,0,Rural,19.490056,73.090785,4088635
2847,2,4,2,4,1,Suburb,19.186184,72.932018,13828803
1574,5,4,2,16,1,Suburb,19.187416,72.937614,8924176
2838,5,2,2,26,1,Rural,19.500729,73.11223,8075288
2832,1,1,0,28,1,City,19.085004,72.87573,16107686
951,5,1,2,20,1,Suburb,19.183484,72.945528,5157199
1099,3,1,0,14,0,Suburb,19.216723,72.942626,4256111
2881,1,1,2,13,1,City,19.056009,72.854797,17068907
1919,3,2,2,0,0,Rural,19.510918,73.099298,5916270
971,2,1,2,12,0,Rural,19.496074,73.102113,1316361
2144,5,1,1,0,1,Rural,19.504696,73.098809,6960516
969,5,1,2,29,1,Suburb,19.206459,72.93901,4607366
631,2,1,0,24,0,Suburb,19.206837,72.938715,1868249
1684,1,4,0,12,0,Suburb,19.178863,72.948477,8193551
511,1,2,0,2,1,Rural,19.47686,73.116734,2028958
1392,3,2,0,17,1,Rural,19.497585,73.111527,4050873
2182,1,3,1,10,0,Suburb,19.208336,72.943989,10315441
1309,5,1,0,24,0,Rural,19.501343,73.093517,3805458
2256,1,4,0,5,1,Suburb,19.208581,72.948769,11267447
2811,1,3,0,12,0,City,19.070349,72.856245,17217290
2163,2,4,1,2,0,City,19.064078,72.879757,14146977
2891,1,2,1,1,0,Rural,19.501352,73.10499,7777877
1044,2,4,1,3,0,Rural,19.507601,73.113793,3549547
1801,1,1,0,26,0,Suburb,19.176037,72.947795,7538515
